freelancer_id,gender,age,country,language,primary_skill,years_of_experience,hourly_rate,rating,is_active,client_satisfaction
FL250001,female,59,Netherlands,Dutch,AI,14,30,2,0,72
FL250002,male,52,Turkey,Turkish,AI,22,50,2,1,72
FL250003,male,41,Indonesia,Indonesian,AI,9,50,1,0,65
FL250004,female,47,Canada,English,AI,22,30,1,0,62
FL250005,male,46,Egypt,Arabic,AI,9,20,1,1,76
FL250006,male,41,South Korea,Korean,AI,9,40,2,1,82
FL250007,female,59,United Kingdom,English,AI,3,50,0,0,72
FL250008,male,50,United Kingdom,English,AI,15,60,2,1,65
FL250009,male,38,Canada,English,AI,17,40,4,1,90
FL250010,female,51,Indonesia,Indonesian,AI,33,75,0,1,72
FL250011,male,47,Germany,German,AI,18,75,0,0,72
FL250012,female,50,Russia,Russian,AI,14,60,3,1,83
FL250013,female,45,Brazil,Portuguese,AI,11,75,4,0,100
FL250014,male,59,Australia,English,AI,9,75,4,1,96
FL250015,male,59,South Korea,Korean,AI,30,40,0,1,72
FL250016,male,57,Russia,Russian,AI,16,100,3,0,72
FL250017,female,46,United States,English,AI,9,30,3,0,72
FL250018,male,59,Turkey,Turkish,AI,13,20,4,0,72
FL250019,female,32,Mexico,Spanish,AI,5,30,2,0,86
FL250020,female,59,Germany,German,AI,7,40,1,0,81
FL250021,male,47,South Africa,Afrikaans,AI,14,30,0,1,86
FL250022,female,25,Spain,Spanish,AI,2,100,2,0,87
FL250023,female,21,Canada,English,AI,0,40,1,0,79
FL250024,male,27,Canada,English,AI,4,75,5,0,88
FL250025,male,34,India,Hindi,AI,11,60,1,1,72
FL250026,female,32,Mexico,Spanish,AI,1,100,4,0,67
FL250027,female,22,Argentina,Spanish,AI,2,30,2,0,72
FL250028,male,44,Argentina,Spanish,AI,4,50,0,1,83
FL250029,male,53,Italy,Italian,AI,4,30,4,0,99
FL250030,male,41,China,Mandarin,AI,9,40,1,1,72
FL250031,male,58,South Africa,Afrikaans,AI,10,75,4,0,71
FL250032,male,21,South Africa,Afrikaans,AI,1,20,2,1,66
FL250033,male,21,France,French,AI,2,30,3,1,98
FL250034,male,51,Japan,Japanese,AI,33,40,0,1,63
FL250035,female,36,France,French,AI,8,100,2,1,97
FL250036,female,24,India,Hindi,AI,3,20,0,1,72
FL250037,female,44,Canada,English,AI,0,60,4,0,84
FL250038,male,40,India,Hindi,AI,13,100,1,1,72
FL250039,male,43,Japan,Japanese,AI,11,20,2,0,99
FL250040,male,35,United Kingdom,English,AI,8,50,2,0,90
FL250041,female,55,Egypt,Arabic,AI,3,100,2,1,73
FL250042,female,36,Netherlands,Dutch,AI,17,50,1,0,64
FL250043,male,46,Indonesia,Indonesian,AI,16,20,4,1,86
FL250044,male,32,Argentina,Spanish,AI,3,30,1,0,96
FL250045,male,31,Argentina,Spanish,AI,7,75,4,0,83
FL250046,female,36,Turkey,Turkish,AI,3,50,0,0,75
FL250047,female,43,China,Mandarin,AI,15,20,4,1,91
FL250048,male,22,India,Hindi,AI,0,60,4,0,72
FL250049,male,21,United Kingdom,English,AI,0,100,2,0,73
FL250050,female,59,Argentina,Spanish,AI,11,20,4,0,75
FL250051,female,54,Mexico,Spanish,AI,1,75,4,1,72
FL250052,female,56,Mexico,Spanish,AI,3,30,3,0,83
FL250053,male,60,Egypt,Arabic,AI,11,100,0,1,96
FL250054,female,49,Netherlands,Dutch,AI,2,100,3,1,85
FL250055,male,60,United States,English,AI,39,100,1,0,88
FL250056,female,38,Indonesia,Indonesian,AI,13,40,0,1,61
FL250057,female,23,South Africa,Afrikaans,AI,0,75,2,0,60
FL250058,male,41,Japan,Japanese,AI,7,40,1,0,70
FL250059,female,47,Mexico,Spanish,AI,29,50,2,1,79
FL250060,male,51,United Kingdom,English,AI,12,20,4,0,93
FL250061,male,27,United Kingdom,English,AI,3,50,2,0,72
FL250062,male,58,China,Mandarin,AI,11,100,4,0,66
FL250063,female,29,Mexico,Spanish,AI,10,60,4,1,67
FL250064,male,47,Egypt,Arabic,AI,2,50,2,0,96
FL250065,male,48,France,French,AI,10,60,3,0,72
FL250066,male,41,Russia,Russian,AI,12,30,2,1,72
FL250067,female,54,United Kingdom,English,AI,32,20,3,0,72
FL250068,male,26,Netherlands,Dutch,AI,6,100,2,0,69
FL250069,male,55,India,Hindi,AI,37,75,4,0,72
FL250070,male,53,Indonesia,Indonesian,AI,28,50,2,1,82
FL250071,male,59,Mexico,Spanish,AI,0,100,0,1,87
FL250072,male,41,Netherlands,Dutch,AI,21,100,2,1,83
FL250073,female,42,France,French,AI,21,60,2,1,73
FL250074,female,49,Indonesia,Indonesian,AI,22,75,0,1,72
FL250075,male,31,Australia,English,AI,1,40,4,0,96
FL250076,female,20,Spain,Spanish,AI,1,60,3,0,71
FL250077,male,23,Germany,German,AI,4,50,4,0,98
FL250078,male,21,Egypt,Arabic,AI,0,20,2,0,64
FL250079,female,37,Japan,Japanese,AI,6,20,2,0,99
FL250080,male,20,South Korea,Korean,AI,1,50,2,1,81
FL250081,male,50,Spain,Spanish,AI,28,30,1,0,72
FL250082,female,54,Indonesia,Indonesian,AI,4,20,1,1,63
FL250083,male,29,Germany,German,AI,8,40,3,0,60
FL250084,female,36,Netherlands,Dutch,AI,8,40,2,0,80
FL250085,male,22,Russia,Russian,AI,3,75,3,1,65
FL250086,male,33,Japan,Japanese,AI,13,75,0,1,72
FL250087,male,60,Japan,Japanese,AI,11,20,2,0,60
FL250088,female,40,Spain,Spanish,AI,11,60,1,1,67
FL250089,female,25,South Korea,Korean,AI,6,20,2,0,72
FL250090,male,45,South Korea,Korean,AI,11,20,3,1,93
FL250091,male,26,Netherlands,Dutch,AI,6,40,1,0,72
FL250092,female,55,South Korea,Korean,AI,2,30,3,1,91
FL250093,female,49,South Korea,Korean,AI,4,75,2,0,72
FL250094,male,41,Australia,English,AI,15,40,3,0,100
FL250095,female,43,Netherlands,Dutch,AI,3,20,0,1,95
FL250096,female,38,Brazil,Portuguese,AI,15,40,4,0,62
FL250097,male,41,Mexico,Spanish,AI,1,75,0,1,94
FL250098,female,57,Australia,English,AI,5,100,0,1,80
FL250099,male,40,Germany,German,AI,2,30,1,1,77
FL250100,female,21,Argentina,Spanish,AI,2,100,3,1,73
FL250101,female,52,Italy,Italian,Blockchain Development,11,100,2,0,72
FL250102,male,43,Italy,Italian,Blockchain Development,14,40,4,0,94
FL250103,male,26,United States,English,Blockchain Development,4,100,4,1,76
FL250104,male,56,India,Hindi,Blockchain Development,11,100,2,0,87
FL250105,female,34,Japan,Japanese,Blockchain Development,8,20,0,1,89
FL250106,male,59,Australia,English,Blockchain Development,4,100,1,0,88
FL250107,male,35,Russia,Russian,Blockchain Development,3,30,3,1,81
FL250108,male,37,United States,English,Blockchain Development,17,20,3,0,96
FL250109,female,21,Turkey,Turkish,Blockchain Development,2,50,4,1,68
FL250110,male,58,Russia,Russian,Blockchain Development,3,100,0,1,72
FL250111,female,45,Indonesia,Indonesian,Blockchain Development,22,100,4,1,75
FL250112,female,54,Egypt,Arabic,Blockchain Development,4,100,1,1,74
FL250113,female,41,Netherlands,Dutch,Blockchain Development,11,40,2,0,80
FL250114,female,58,Russia,Russian,Blockchain Development,25,30,4,1,71
FL250115,female,30,Spain,Spanish,Blockchain Development,11,40,1,0,90
FL250116,male,41,Germany,German,Blockchain Development,8,40,0,0,64
FL250117,female,55,Indonesia,Indonesian,Blockchain Development,18,100,2,0,97
FL250118,male,37,Brazil,Portuguese,Blockchain Development,4,100,2,0,72
FL250119,female,53,South Korea,Korean,Blockchain Development,34,30,2,1,72
FL250120,female,41,Turkey,Turkish,Blockchain Development,4,40,2,1,70
FL250121,female,57,Australia,English,Blockchain Development,30,30,2,0,80
FL250122,male,21,India,Hindi,Blockchain Development,1,100,2,1,92
FL250123,male,35,Netherlands,Dutch,Blockchain Development,6,75,1,1,97
FL250124,female,23,United Kingdom,English,Blockchain Development,4,20,2,0,71
FL250125,male,44,United Kingdom,English,Blockchain Development,13,100,3,1,95
FL250126,female,49,India,Hindi,Blockchain Development,13,100,4,1,84
FL250127,female,26,Argentina,Spanish,Blockchain Development,3,100,2,1,61
FL250128,male,30,South Korea,Korean,Blockchain Development,4,20,3,0,72
FL250129,male,50,Germany,German,Blockchain Development,20,30,0,0,72
FL250130,female,22,Italy,Italian,Blockchain Development,3,40,2,0,72
FL250131,male,25,Argentina,Spanish,Blockchain Development,5,30,2,0,91
FL250132,female,40,South Korea,Korean,Blockchain Development,11,40,1,0,96
FL250133,male,41,Argentina,Spanish,Blockchain Development,11,50,2,1,82
FL250134,male,39,Spain,Spanish,Blockchain Development,18,75,4,1,66
FL250135,female,39,Mexico,Spanish,Blockchain Development,21,30,4,0,61
FL250136,male,59,Egypt,Arabic,Blockchain Development,25,20,4,0,90
FL250137,female,41,Egypt,Arabic,Blockchain Development,21,100,0,1,72
FL250138,female,41,Australia,English,Blockchain Development,14,30,0,1,78
FL250139,female,35,Germany,German,Blockchain Development,0,30,4,0,97
FL250140,female,34,China,Mandarin,Blockchain Development,11,50,0,0,84
FL250141,female,39,China,Mandarin,Blockchain Development,11,100,2,0,70
FL250142,female,45,Australia,English,Blockchain Development,8,40,0,0,78
FL250143,male,36,France,French,Blockchain Development,11,40,1,1,72
FL250144,female,57,China,Mandarin,Blockchain Development,11,75,4,1,72
FL250145,female,48,Russia,Russian,Blockchain Development,13,100,2,0,62
FL250146,male,43,Spain,Spanish,Blockchain Development,4,50,0,1,100
FL250147,male,58,Netherlands,Dutch,Blockchain Development,33,100,4,1,83
FL250148,male,23,South Korea,Korean,Blockchain Development,1,40,0,0,64
FL250149,male,21,Mexico,Spanish,Blockchain Development,11,40,4,0,91
FL250150,female,33,United States,English,Blockchain Development,2,100,3,0,72
FL250151,male,36,Egypt,Arabic,Blockchain Development,4,40,2,0,90
FL250152,female,51,United States,English,Blockchain Development,25,50,1,1,60
FL250153,male,26,Spain,Spanish,Blockchain Development,1,20,0,1,72
FL250154,male,28,Canada,English,Blockchain Development,5,50,0,1,96
FL250155,male,30,Japan,Japanese,Blockchain Development,5,30,4,0,72
FL250156,male,22,Spain,Spanish,Blockchain Development,0,30,0,0,87
FL250157,male,57,Italy,Italian,Blockchain Development,7,30,1,0,72
FL250158,male,59,Mexico,Spanish,Blockchain Development,22,20,3,0,63
FL250159,female,24,China,Mandarin,Blockchain Development,5,40,1,1,86
FL250160,female,28,Canada,English,Blockchain Development,1,75,2,1,93
FL250161,male,34,South Korea,Korean,Blockchain Development,15,20,0,0,100
FL250162,female,52,Canada,English,Blockchain Development,29,30,3,0,68
FL250163,male,38,Turkey,Turkish,Blockchain Development,19,40,0,1,86
FL250164,male,41,Spain,Spanish,Blockchain Development,1,50,2,0,87
FL250165,female,22,France,French,Blockchain Development,0,30,4,0,73
FL250166,male,50,Australia,English,Blockchain Development,17,75,3,1,69
FL250167,male,29,South Korea,Korean,Blockchain Development,0,75,1,1,64
FL250168,male,34,Australia,English,Blockchain Development,10,30,3,0,72
FL250169,female,22,China,Mandarin,Blockchain Development,1,100,4,1,75
FL250170,male,60,Canada,English,Blockchain Development,7,30,0,0,97
FL250171,male,45,Russia,Russian,Blockchain Development,25,50,0,0,99
FL250172,male,57,Spain,Spanish,Blockchain Development,11,20,4,1,72
FL250173,female,20,Mexico,Spanish,Blockchain Development,0,75,3,1,74
FL250174,male,32,India,Hindi,Blockchain Development,11,30,1,0,68
FL250175,female,34,Germany,German,Blockchain Development,3,100,2,0,77
FL250176,male,35,Egypt,Arabic,Blockchain Development,9,50,3,0,71
FL250177,female,58,South Korea,Korean,Blockchain Development,0,30,4,0,70
FL250178,female,23,Canada,English,Blockchain Development,0,30,1,1,86
FL250179,male,51,China,Mandarin,Blockchain Development,17,40,4,1,72
FL250180,male,51,Canada,English,Blockchain Development,19,50,2,1,82
FL250181,male,52,India,Hindi,Blockchain Development,7,40,2,0,96
FL250182,male,27,Indonesia,Indonesian,Blockchain Development,4,20,2,0,63
FL250183,female,56,China,Mandarin,Blockchain Development,3,40,4,1,89
FL250184,female,41,Argentina,Spanish,Blockchain Development,9,100,4,1,83
FL250185,female,40,Spain,Spanish,Blockchain Development,20,30,2,0,90
FL250186,female,40,India,Hindi,Blockchain Development,14,75,0,1,79
FL250187,male,54,Spain,Spanish,Blockchain Development,3,20,1,1,70
FL250188,female,30,Turkey,Turkish,Blockchain Development,5,30,2,0,72
FL250189,male,32,Canada,English,Blockchain Development,12,40,0,1,63
FL250190,male,26,Spain,Spanish,Blockchain Development,11,75,2,1,72
FL250191,male,26,India,Hindi,Blockchain Development,7,75,3,0,84
FL250192,female,37,United States,English,Blockchain Development,18,40,4,0,72
FL250193,female,35,United Kingdom,English,Blockchain Development,0,100,2,1,85
FL250194,male,47,India,Hindi,Blockchain Development,10,75,1,0,72
FL250195,female,58,Brazil,Portuguese,Blockchain Development,29,30,3,1,89
FL250196,male,52,Russia,Russian,Blockchain Development,15,40,0,1,92
FL250197,female,33,Indonesia,Indonesian,Blockchain Development,6,40,3,1,95
FL250198,female,25,Canada,English,Blockchain Development,6,100,2,1,78
FL250199,male,21,Egypt,Arabic,Blockchain Development,1,100,0,1,72
FL250200,male,24,Indonesia,Indonesian,Blockchain Development,3,30,3,0,90
FL250201,female,43,Spain,Spanish,Blockchain Development,2,100,1,0,61
FL250202,male,27,China,Mandarin,Blockchain Development,5,75,1,1,64
FL250203,male,60,Spain,Spanish,Blockchain Development,39,20,1,1,86
FL250204,male,23,United States,English,Blockchain Development,4,100,2,1,64
FL250205,female,26,Germany,German,Blockchain Development,6,40,2,0,82
FL250206,female,57,United Kingdom,English,Cybersecurity,18,50,2,0,86
FL250207,male,51,Brazil,Portuguese,Cybersecurity,21,30,4,0,72
FL250208,female,23,Argentina,Spanish,Cybersecurity,0,75,1,1,79
FL250209,female,29,Turkey,Turkish,Cybersecurity,11,100,2,1,72
FL250210,female,57,Canada,English,Cybersecurity,18,50,2,1,63
FL250211,female,49,Spain,Spanish,Cybersecurity,25,50,5,0,77
FL250212,female,45,United Kingdom,English,Cybersecurity,14,100,1,0,93
FL250213,male,60,South Africa,Afrikaans,Cybersecurity,39,75,1,0,70
FL250214,female,43,United Kingdom,English,Cybersecurity,5,50,2,1,84
FL250215,female,39,France,French,Cybersecurity,5,40,1,0,83
FL250216,male,31,Germany,German,Cybersecurity,11,50,3,0,88
FL250217,male,46,United Kingdom,English,Cybersecurity,9,20,0,0,82
FL250218,male,56,Japan,Japanese,Cybersecurity,15,40,3,0,92
FL250219,male,60,Argentina,Spanish,Cybersecurity,20,40,1,0,87
FL250220,male,57,South Korea,Korean,Cybersecurity,8,20,0,1,84
FL250221,female,21,China,Mandarin,Cybersecurity,2,100,2,1,72
FL250222,female,41,United Kingdom,English,Cybersecurity,5,100,1,0,60
FL250223,male,52,South Korea,Korean,Cybersecurity,20,50,2,0,79
FL250224,female,58,South Africa,Afrikaans,Cybersecurity,11,50,0,0,72
FL250225,male,27,France,French,Cybersecurity,2,50,2,0,84
FL250226,male,39,Germany,German,Cybersecurity,11,75,3,1,87
FL250227,female,37,Canada,English,Cybersecurity,0,40,3,1,72
FL250228,male,48,India,Hindi,Cybersecurity,18,50,0,1,64
FL250229,male,22,Australia,English,Cybersecurity,1,50,2,0,72
FL250230,female,47,Italy,Italian,Cybersecurity,12,50,2,1,67
FL250231,male,20,India,Hindi,Cybersecurity,2,30,2,1,99
FL250232,female,44,Canada,English,Cybersecurity,6,75,4,1,72
FL250233,male,24,Germany,German,Cybersecurity,3,30,2,0,66
FL250234,male,27,Canada,English,Cybersecurity,8,20,4,0,81
FL250235,male,27,China,Mandarin,Cybersecurity,4,40,4,0,92
FL250236,male,31,Russia,Russian,Cybersecurity,0,20,4,1,82
FL250237,male,51,South Korea,Korean,Cybersecurity,5,50,3,1,88
FL250238,male,36,Turkey,Turkish,Cybersecurity,2,75,0,0,92
FL250239,female,51,Netherlands,Dutch,Cybersecurity,27,50,0,0,78
FL250240,female,44,South Korea,Korean,Cybersecurity,22,30,4,1,72
FL250241,female,47,India,Hindi,Cybersecurity,22,50,1,1,72
FL250242,male,24,India,Hindi,Cybersecurity,2,75,4,0,68
FL250243,female,32,Russia,Russian,Cybersecurity,10,20,2,1,92
FL250244,female,36,Netherlands,Dutch,Cybersecurity,11,30,0,1,63
FL250245,male,22,Indonesia,Indonesian,Cybersecurity,0,40,1,1,78
FL250246,male,31,Indonesia,Indonesian,Cybersecurity,11,50,4,0,62
FL250247,male,52,Spain,Spanish,Cybersecurity,31,30,2,1,72
FL250248,male,59,France,French,Cybersecurity,13,40,2,0,65
FL250249,male,33,United Kingdom,English,Cybersecurity,6,50,3,0,72
FL250250,female,28,Indonesia,Indonesian,Cybersecurity,2,75,1,1,68
FL250251,female,47,China,Mandarin,Cybersecurity,21,100,0,0,72
FL250252,male,45,Mexico,Spanish,Cybersecurity,19,75,0,0,72
FL250253,male,22,Netherlands,Dutch,Cybersecurity,1,40,0,0,63
FL250254,male,48,South Korea,Korean,Cybersecurity,21,40,0,1,72
FL250255,female,57,South Africa,Afrikaans,Cybersecurity,33,100,3,0,74
FL250256,female,24,France,French,Cybersecurity,5,40,3,0,86
FL250257,male,41,Canada,English,Cybersecurity,11,50,3,1,68
FL250258,female,52,Canada,English,Cybersecurity,22,20,0,0,72
FL250259,male,55,Canada,English,Cybersecurity,24,40,2,1,88
FL250260,female,46,Australia,English,Cybersecurity,25,100,1,0,80
FL250261,male,41,India,Hindi,Cybersecurity,9,100,4,1,72
FL250262,male,51,Australia,English,Cybersecurity,9,40,2,0,60
FL250263,female,59,France,French,Cybersecurity,37,30,4,0,62
FL250264,female,56,Canada,English,Cybersecurity,19,20,0,0,87
FL250265,female,28,Egypt,Arabic,Cybersecurity,10,50,3,1,98
FL250266,female,56,Spain,Spanish,Cybersecurity,27,20,2,0,70
FL250267,male,33,Japan,Japanese,Cybersecurity,11,30,4,1,65
FL250268,female,58,Canada,English,Cybersecurity,20,75,3,1,78
FL250269,female,58,United States,English,Cybersecurity,22,100,3,0,72
FL250270,male,34,Canada,English,Cybersecurity,4,75,4,1,72
FL250271,female,37,Canada,English,Cybersecurity,9,50,2,1,84
FL250272,female,22,United States,English,Cybersecurity,1,20,4,0,87
FL250273,male,59,United States,English,Cybersecurity,17,50,1,1,72
FL250274,male,24,United States,English,Cybersecurity,4,50,3,0,95
FL250275,female,35,Brazil,Portuguese,Cybersecurity,7,50,3,0,72
FL250276,male,53,Russia,Russian,Cybersecurity,12,100,4,1,87
FL250277,female,48,Australia,English,Cybersecurity,5,100,1,1,97
FL250278,male,58,Spain,Spanish,Cybersecurity,33,30,3,1,71
FL250279,male,25,Indonesia,Indonesian,Cybersecurity,3,75,2,0,83
FL250280,male,54,Italy,Italian,Cybersecurity,9,20,0,1,96
FL250281,female,47,France,French,Cybersecurity,16,50,1,0,71
FL250282,male,40,Australia,English,Cybersecurity,13,50,2,0,82
FL250283,male,55,Turkey,Turkish,Cybersecurity,11,100,1,1,69
FL250284,female,48,Canada,English,Cybersecurity,24,100,4,1,84
FL250285,female,44,Canada,English,Cybersecurity,25,75,2,1,78
FL250286,male,59,France,French,Cybersecurity,17,100,4,0,72
FL250287,female,21,Italy,Italian,Cybersecurity,0,50,0,1,95
FL250288,male,45,Netherlands,Dutch,Cybersecurity,4,20,2,0,72
FL250289,female,36,United Kingdom,English,Cybersecurity,13,30,3,0,86
FL250290,male,57,United Kingdom,English,Cybersecurity,29,75,4,0,90
FL250291,male,26,Brazil,Portuguese,Cybersecurity,8,20,3,0,67
FL250292,male,52,Indonesia,Indonesian,Data Analysis,10,75,3,0,94
FL250293,male,40,United Kingdom,English,Data Analysis,17,40,3,1,77
FL250294,male,50,Germany,German,Data Analysis,22,75,3,1,70
FL250295,male,42,Japan,Japanese,Data Analysis,0,30,1,0,69
FL250296,female,41,Netherlands,Dutch,Data Analysis,14,75,1,0,72
FL250297,male,41,United Kingdom,English,Data Analysis,11,20,2,1,63
FL250298,male,31,France,French,Data Analysis,8,50,3,0,72
FL250299,female,58,Indonesia,Indonesian,Data Analysis,35,50,4,0,70
FL250300,male,32,India,Hindi,Data Analysis,11,30,1,1,96
FL250301,male,29,South Korea,Korean,Data Analysis,4,30,0,1,82
FL250302,male,49,South Korea,Korean,Data Analysis,19,70,5,1,83
FL250303,female,34,India,Hindi,Data Analysis,5,20,2,1,80
FL250304,male,25,Mexico,Spanish,Data Analysis,0,40,0,0,90
FL250305,female,37,Russia,Russian,Data Analysis,15,40,2,0,72
FL250306,male,41,Turkey,Turkish,Data Analysis,10,40,0,0,72
FL250307,male,29,Spain,Spanish,Data Analysis,11,20,2,0,93
FL250308,female,43,Italy,Italian,Data Analysis,9,20,2,0,72
FL250309,male,56,South Africa,Afrikaans,Data Analysis,11,100,3,0,62
FL250310,male,41,Argentina,Spanish,Data Analysis,12,30,4,0,68
FL250311,male,31,United Kingdom,English,Data Analysis,4,75,1,1,64
FL250312,male,50,Mexico,Spanish,Data Analysis,6,30,2,1,95
FL250313,male,34,Netherlands,Dutch,Data Analysis,6,100,2,0,72
FL250314,female,39,Argentina,Spanish,Data Analysis,11,100,3,1,82
FL250315,female,47,Germany,German,Data Analysis,15,40,2,1,94
FL250316,female,34,Egypt,Arabic,Data Analysis,11,50,3,1,82
FL250317,male,20,France,French,Data Analysis,1,50,3,0,71
FL250318,male,34,China,Mandarin,Data Analysis,6,75,1,1,81
FL250319,male,34,Germany,German,Data Analysis,8,75,1,1,71
FL250320,female,39,South Korea,Korean,Data Analysis,12,20,3,1,66
FL250321,male,50,Turkey,Turkish,Data Analysis,9,30,3,0,76
FL250322,female,37,Canada,English,Data Analysis,6,20,2,1,91
FL250323,male,60,Turkey,Turkish,Data Analysis,6,70,3,0,95
FL250324,male,38,South Africa,Afrikaans,Data Analysis,3,100,1,0,73
FL250325,male,36,South Africa,Afrikaans,Data Analysis,9,75,2,0,95
FL250326,male,20,Egypt,Arabic,Data Analysis,0,20,3,0,72
FL250327,female,48,China,Mandarin,Data Analysis,2,75,1,0,67
FL250328,female,55,Russia,Russian,Data Analysis,17,30,2,0,72
FL250329,female,58,Spain,Spanish,Data Analysis,40,75,3,1,100
FL250330,female,57,Turkey,Turkish,Data Analysis,2,40,0,0,60
FL250331,male,36,France,French,Data Analysis,13,40,2,0,78
FL250332,female,22,China,Mandarin,Data Analysis,1,50,0,0,98
FL250333,male,56,Netherlands,Dutch,Data Analysis,9,40,2,0,61
FL250334,male,41,Japan,Japanese,Data Analysis,22,50,1,1,61
FL250335,male,31,Japan,Japanese,Data Analysis,11,70,3,0,72
FL250336,female,49,Italy,Italian,Data Analysis,15,75,2,0,83
FL250337,male,45,India,Hindi,Data Analysis,19,40,2,1,78
FL250338,female,39,Netherlands,Dutch,Data Analysis,13,30,1,1,72
FL250339,female,46,Egypt,Arabic,Data Analysis,10,20,2,1,97
FL250340,female,48,South Africa,Afrikaans,Data Analysis,21,40,2,0,72
FL250341,female,58,Argentina,Spanish,Data Analysis,0,50,2,0,77
FL250342,female,45,Netherlands,Dutch,Data Analysis,17,50,4,1,73
FL250343,male,22,Russia,Russian,Data Analysis,1,20,1,0,78
FL250344,male,38,Mexico,Spanish,Data Analysis,9,50,0,0,74
FL250345,female,27,Egypt,Arabic,Data Analysis,1,30,1,0,65
FL250346,male,20,Turkey,Turkish,Data Analysis,1,50,2,0,81
FL250347,female,20,Egypt,Arabic,Data Analysis,0,30,0,1,76
FL250348,male,49,Indonesia,Indonesian,Data Analysis,24,100,4,0,60
FL250349,male,55,Australia,English,Data Analysis,7,100,2,0,66
FL250350,female,54,United Kingdom,English,Data Analysis,15,40,4,1,71
FL250351,male,52,United Kingdom,English,Data Analysis,21,75,2,1,66
FL250352,female,38,Italy,Italian,Data Analysis,18,40,4,0,74
FL250353,male,41,China,Mandarin,Data Analysis,0,40,4,0,68
FL250354,female,22,Australia,English,Data Analysis,2,40,1,0,76
FL250355,female,20,Canada,English,Data Analysis,2,40,2,1,91
FL250356,male,34,India,Hindi,Data Analysis,0,40,3,0,98
FL250357,female,34,Australia,English,Data Analysis,2,100,0,0,86
FL250358,male,24,South Africa,Afrikaans,Data Analysis,2,100,3,1,71
FL250359,female,32,Germany,German,Data Analysis,9,75,2,0,96
FL250360,female,43,Russia,Russian,Data Analysis,7,50,2,1,80
FL250361,female,29,Germany,German,Data Analysis,6,100,1,0,72
FL250362,male,45,China,Mandarin,Data Analysis,6,50,1,0,97
FL250363,male,50,Japan,Japanese,Data Analysis,3,100,0,1,72
FL250364,male,60,Japan,Japanese,Data Analysis,24,40,3,0,69
FL250365,male,35,Germany,German,Data Analysis,11,100,2,0,84
FL250366,male,26,Japan,Japanese,Data Analysis,7,75,2,0,78
FL250367,female,22,Japan,Japanese,Data Analysis,1,30,3,1,61
FL250368,female,52,South Korea,Korean,Data Analysis,4,50,2,0,84
FL250369,male,21,China,Mandarin,Data Analysis,0,40,3,0,74
FL250370,male,26,Australia,English,Data Analysis,5,100,2,1,93
FL250371,female,58,France,French,Data Analysis,15,20,3,0,98
FL250372,male,52,Russia,Russian,Data Analysis,30,30,2,1,68
FL250373,male,22,China,Mandarin,Data Analysis,2,20,2,0,72
FL250374,male,20,China,Mandarin,Data Analysis,2,40,2,0,64
FL250375,female,23,Mexico,Spanish,Data Analysis,2,20,1,0,72
FL250376,male,40,Indonesia,Indonesian,Data Analysis,2,75,4,1,72
FL250377,female,24,Indonesia,Indonesian,Data Analysis,11,20,0,0,76
FL250378,male,21,India,Hindi,Data Analysis,2,50,2,0,86
FL250379,male,49,South Africa,Afrikaans,Data Analysis,11,30,2,1,74
FL250380,male,33,Turkey,Turkish,Data Analysis,8,75,2,1,68
FL250381,male,40,Canada,English,Data Analysis,20,20,2,0,81
FL250382,female,46,Brazil,Portuguese,Data Analysis,16,75,0,0,94
FL250383,female,45,Mexico,Spanish,Data Analysis,6,40,2,1,78
FL250384,female,59,United Kingdom,English,Data Analysis,40,40,2,1,70
FL250385,male,48,Canada,English,Data Analysis,18,40,3,0,72
FL250386,female,50,Italy,Italian,Data Analysis,16,75,4,0,69
FL250387,female,37,Japan,Japanese,Data Analysis,15,75,2,0,94
FL250388,female,39,Australia,English,DevOps,13,30,2,0,60
FL250389,male,51,Japan,Japanese,DevOps,11,30,2,0,69
FL250390,female,22,South Korea,Korean,DevOps,0,30,1,1,70
FL250391,male,22,Netherlands,Dutch,DevOps,4,30,1,1,72
FL250392,female,35,Germany,German,DevOps,10,50,0,0,72
FL250393,female,47,Egypt,Arabic,DevOps,15,30,4,1,85
FL250394,female,26,United Kingdom,English,DevOps,8,50,1,0,76
FL250395,female,51,South Africa,Afrikaans,DevOps,28,40,3,0,63
FL250396,male,60,Italy,Italian,DevOps,13,50,1,0,72
FL250397,female,54,Spain,Spanish,DevOps,32,40,1,0,72
FL250398,male,41,China,Mandarin,DevOps,3,40,4,0,74
FL250399,female,21,China,Mandarin,DevOps,2,100,2,1,85
FL250400,male,21,Italy,Italian,DevOps,2,100,1,1,97
FL250401,female,50,Russia,Russian,DevOps,30,100,3,1,73
FL250402,female,57,France,French,DevOps,21,40,2,0,77
FL250403,female,47,Italy,Italian,DevOps,5,40,3,0,93
FL250404,female,38,Japan,Japanese,DevOps,20,75,1,0,71
FL250405,male,47,South Korea,Korean,DevOps,29,40,4,1,95
FL250406,male,42,Russia,Russian,DevOps,2,50,1,0,95
FL250407,male,56,Indonesia,Indonesian,DevOps,15,75,0,0,72
FL250408,male,59,United Kingdom,English,DevOps,29,75,2,0,80
FL250409,male,46,France,French,DevOps,23,20,2,0,72
FL250410,male,47,India,Hindi,DevOps,8,20,4,1,72
FL250411,male,41,Italy,Italian,DevOps,11,30,1,0,74
FL250412,male,42,Italy,Italian,DevOps,10,100,4,1,71
FL250413,male,54,Italy,Italian,DevOps,29,30,1,0,68
FL250414,female,42,Mexico,Spanish,DevOps,19,75,4,0,78
FL250415,male,42,Germany,German,DevOps,8,30,3,1,96
FL250416,female,56,United Kingdom,English,DevOps,34,30,2,1,84
FL250417,male,34,Australia,English,DevOps,1,40,1,0,74
FL250418,female,47,Brazil,Portuguese,DevOps,13,20,4,0,91
FL250419,male,41,Netherlands,Dutch,DevOps,0,100,5,0,72
FL250420,male,60,United States,English,DevOps,34,30,2,0,93
FL250421,female,37,Canada,English,DevOps,11,20,4,0,72
FL250422,male,23,Australia,English,DevOps,1,20,4,1,100
FL250423,male,55,Italy,Italian,DevOps,15,40,4,0,72
FL250424,male,23,Netherlands,Dutch,DevOps,1,40,4,1,78
FL250425,male,21,Netherlands,Dutch,DevOps,0,40,4,1,97
FL250426,female,23,Canada,English,DevOps,5,100,3,1,72
FL250427,male,37,Italy,Italian,DevOps,11,50,4,0,83
FL250428,male,50,Germany,German,DevOps,32,30,2,0,64
FL250429,male,31,South Africa,Afrikaans,DevOps,0,50,1,1,73
FL250430,male,35,United States,English,DevOps,11,100,3,1,71
FL250431,male,34,Australia,English,DevOps,6,50,5,1,92
FL250432,female,26,Italy,Italian,DevOps,7,100,3,1,66
FL250433,male,24,Egypt,Arabic,DevOps,6,75,4,1,72
FL250434,female,41,Japan,Japanese,DevOps,12,50,4,1,62
FL250435,male,56,Netherlands,Dutch,DevOps,16,30,0,1,72
FL250436,female,24,Netherlands,Dutch,DevOps,6,30,0,1,84
FL250437,male,48,Canada,English,DevOps,21,75,2,1,72
FL250438,male,40,Turkey,Turkish,DevOps,12,75,2,0,72
FL250439,male,32,Mexico,Spanish,DevOps,1,50,2,1,70
FL250440,male,52,United States,English,DevOps,17,75,0,0,94
FL250441,female,30,France,French,DevOps,0,100,4,0,62
FL250442,female,40,United Kingdom,English,DevOps,12,30,3,0,98
FL250443,female,21,Germany,German,DevOps,0,20,2,0,72
FL250444,female,20,Italy,Italian,DevOps,1,40,2,1,72
FL250445,female,28,United Kingdom,English,DevOps,3,20,2,1,79
FL250446,female,40,Australia,English,DevOps,0,100,1,0,87
FL250447,male,47,Turkey,Turkish,DevOps,1,50,3,1,88
FL250448,female,33,Mexico,Spanish,DevOps,11,50,5,1,69
FL250449,male,59,United Kingdom,English,DevOps,15,50,2,0,72
FL250450,female,42,China,Mandarin,DevOps,22,30,2,0,61
FL250451,female,43,United States,English,DevOps,1,30,2,0,78
FL250452,male,41,United Kingdom,English,DevOps,0,20,3,0,90
FL250453,male,45,Germany,German,DevOps,3,20,1,1,91
FL250454,male,47,Egypt,Arabic,DevOps,28,50,2,1,72
FL250455,male,32,Australia,English,DevOps,1,100,3,1,72
FL250456,female,56,Spain,Spanish,DevOps,17,30,1,0,87
FL250457,female,42,Russia,Russian,DevOps,24,40,2,0,88
FL250458,female,30,South Africa,Afrikaans,DevOps,7,30,3,0,68
FL250459,female,46,China,Mandarin,DevOps,5,30,2,1,64
FL250460,male,20,Canada,English,DevOps,11,75,4,0,90
FL250461,female,24,Netherlands,Dutch,DevOps,2,50,2,0,64
FL250462,female,50,Germany,German,DevOps,10,100,4,0,93
FL250463,female,30,United Kingdom,English,DevOps,8,100,1,1,62
FL250464,female,25,Canada,English,DevOps,1,30,3,0,87
FL250465,female,49,China,Mandarin,DevOps,20,50,2,0,82
FL250466,female,25,Germany,German,DevOps,7,100,1,0,63
FL250467,male,51,Canada,English,DevOps,4,50,2,0,92
FL250468,female,53,Mexico,Spanish,DevOps,8,20,2,1,72
FL250469,female,32,Australia,English,DevOps,10,50,1,0,65
FL250470,female,37,Italy,Italian,DevOps,11,75,3,0,75
FL250471,male,60,China,Mandarin,DevOps,40,50,4,1,100
FL250472,male,23,Spain,Spanish,DevOps,3,30,1,1,72
FL250473,female,58,Mexico,Spanish,DevOps,30,50,1,1,87
FL250474,male,53,United Kingdom,English,DevOps,5,75,1,0,92
FL250475,male,54,United Kingdom,English,DevOps,29,40,3,1,72
FL250476,female,33,Canada,English,DevOps,4,30,1,0,73
FL250477,male,37,Canada,English,DevOps,3,20,2,0,62
FL250478,female,20,Italy,Italian,DevOps,1,50,3,1,79
FL250479,female,57,United Kingdom,English,DevOps,11,75,2,0,72
FL250480,male,41,Turkey,Turkish,DevOps,12,30,1,0,85
FL250481,male,29,China,Mandarin,DevOps,0,30,0,0,63
FL250482,female,56,Russia,Russian,DevOps,3,40,1,0,71
FL250483,male,30,Indonesia,Indonesian,DevOps,11,100,4,0,78
FL250484,female,50,United Kingdom,English,DevOps,11,30,4,1,88
FL250485,male,56,Japan,Japanese,DevOps,2,75,2,0,72
FL250486,female,41,Russia,Russian,DevOps,2,100,4,0,75
FL250487,female,49,Spain,Spanish,DevOps,4,75,2,0,85
FL250488,male,27,South Africa,Afrikaans,DevOps,1,100,3,1,61
FL250489,female,26,Russia,Russian,DevOps,8,20,4,1,82
FL250490,male,56,Egypt,Arabic,DevOps,22,30,2,0,95
FL250491,female,28,France,French,DevOps,8,50,2,1,95
FL250492,male,25,Brazil,Portuguese,DevOps,7,20,3,0,97
FL250493,male,41,United Kingdom,English,DevOps,8,50,4,0,75
FL250494,male,47,Turkey,Turkish,DevOps,16,100,3,0,65
FL250495,male,53,Netherlands,Dutch,DevOps,27,20,4,1,71
FL250496,male,35,South Korea,Korean,DevOps,14,30,1,1,67
FL250497,female,38,Russia,Russian,DevOps,7,75,2,0,72
FL250498,female,34,South Africa,Afrikaans,DevOps,8,30,3,1,95
FL250499,male,56,Turkey,Turkish,DevOps,13,100,0,0,68
FL250500,male,53,Germany,German,Graphic Design,31,50,0,0,71
FL250501,male,38,Argentina,Spanish,Graphic Design,20,75,2,1,93
FL250502,female,36,Russia,Russian,Graphic Design,11,40,1,1,86
FL250503,female,29,Netherlands,Dutch,Graphic Design,10,40,2,0,67
FL250504,male,25,China,Mandarin,Graphic Design,4,50,2,0,77
FL250505,female,37,Canada,English,Graphic Design,9,40,0,1,89
FL250506,female,51,Russia,Russian,Graphic Design,2,30,4,0,64
FL250507,male,25,United States,English,Graphic Design,3,30,2,0,88
FL250508,male,31,Egypt,Arabic,Graphic Design,8,40,4,0,70
FL250509,female,20,Spain,Spanish,Graphic Design,0,40,2,0,79
FL250510,female,42,Netherlands,Dutch,Graphic Design,7,40,0,1,72
FL250511,female,57,Australia,English,Graphic Design,17,20,3,0,63
FL250512,female,45,France,French,Graphic Design,21,30,1,1,73
FL250513,female,20,Mexico,Spanish,Graphic Design,2,20,2,0,78
FL250514,female,49,Mexico,Spanish,Graphic Design,11,40,1,0,72
FL250515,male,21,South Korea,Korean,Graphic Design,1,75,4,0,92
FL250516,male,58,Australia,English,Graphic Design,20,75,2,0,75
FL250517,female,50,South Africa,Afrikaans,Graphic Design,20,40,3,1,89
FL250518,female,50,India,Hindi,Graphic Design,28,100,4,1,86
FL250519,female,21,Egypt,Arabic,Graphic Design,0,20,1,0,91
FL250520,male,32,Indonesia,Indonesian,Graphic Design,14,40,2,0,96
FL250521,female,54,Canada,English,Graphic Design,33,75,0,1,62
FL250522,female,23,South Korea,Korean,Graphic Design,2,50,3,1,72
FL250523,female,56,South Korea,Korean,Graphic Design,27,100,4,1,69
FL250524,male,20,Mexico,Spanish,Graphic Design,2,40,1,0,69
FL250525,female,28,France,French,Graphic Design,1,20,3,1,94
FL250526,male,42,Netherlands,Dutch,Graphic Design,10,20,2,1,92
FL250527,female,37,Canada,English,Graphic Design,0,50,4,0,77
FL250528,male,50,United States,English,Graphic Design,23,40,3,1,71
FL250529,male,32,Germany,German,Graphic Design,0,100,1,1,81
FL250530,male,52,Brazil,Portuguese,Graphic Design,33,40,0,1,60
FL250531,female,33,United States,English,Graphic Design,11,75,2,0,96
FL250532,male,36,South Korea,Korean,Graphic Design,6,20,1,1,64
FL250533,female,56,Japan,Japanese,Graphic Design,32,40,0,1,86
FL250534,male,35,Mexico,Spanish,Graphic Design,12,20,4,0,94
FL250535,male,50,Australia,English,Graphic Design,26,40,3,1,82
FL250536,female,37,Indonesia,Indonesian,Graphic Design,11,40,3,0,73
FL250537,female,20,Spain,Spanish,Graphic Design,2,30,0,0,94
FL250538,female,58,Turkey,Turkish,Graphic Design,17,50,2,1,61
FL250539,male,31,China,Mandarin,Graphic Design,5,40,2,1,94
FL250540,male,29,United States,English,Graphic Design,11,75,2,0,72
FL250541,female,33,South Korea,Korean,Graphic Design,3,40,1,0,83
FL250542,male,38,United States,English,Graphic Design,15,40,4,0,88
FL250543,male,41,Turkey,Turkish,Graphic Design,15,40,3,1,72
FL250544,male,60,Argentina,Spanish,Graphic Design,39,75,4,0,70
FL250545,female,48,Egypt,Arabic,Graphic Design,21,30,1,1,67
FL250546,female,20,Turkey,Turkish,Graphic Design,0,30,4,1,68
FL250547,male,46,Mexico,Spanish,Graphic Design,11,40,1,1,91
FL250548,female,28,South Korea,Korean,Graphic Design,2,50,2,1,85
FL250549,female,26,Australia,English,Graphic Design,2,75,2,1,60
FL250550,male,36,France,French,Graphic Design,3,50,1,1,77
FL250551,male,51,Japan,Japanese,Graphic Design,5,50,4,1,82
FL250552,male,57,Indonesia,Indonesian,Graphic Design,26,100,2,1,78
FL250553,male,44,United Kingdom,English,Graphic Design,1,40,4,0,97
FL250554,male,57,Germany,German,Graphic Design,4,30,4,0,72
FL250555,female,59,Canada,English,Graphic Design,14,30,3,0,66
FL250556,male,29,Germany,German,Graphic Design,2,75,2,1,85
FL250557,male,30,Spain,Spanish,Graphic Design,4,40,2,1,71
FL250558,male,45,United States,English,Graphic Design,16,100,4,0,78
FL250559,female,29,South Korea,Korean,Graphic Design,0,20,2,1,99
FL250560,male,52,Mexico,Spanish,Graphic Design,30,100,2,0,61
FL250561,male,52,South Korea,Korean,Graphic Design,21,40,4,0,69
FL250562,female,53,South Africa,Afrikaans,Graphic Design,35,40,0,1,67
FL250563,male,29,Spain,Spanish,Graphic Design,11,20,0,0,90
FL250564,female,47,Turkey,Turkish,Graphic Design,22,100,4,0,70
FL250565,female,51,Indonesia,Indonesian,Graphic Design,1,50,0,1,97
FL250566,male,58,Egypt,Arabic,Graphic Design,35,100,2,1,72
FL250567,male,37,Germany,German,Graphic Design,12,40,4,1,80
FL250568,male,48,Australia,English,Graphic Design,24,40,2,0,67
FL250569,female,56,Egypt,Arabic,Graphic Design,13,30,0,0,77
FL250570,male,43,Turkey,Turkish,Graphic Design,13,20,1,1,69
FL250571,female,31,Indonesia,Indonesian,Graphic Design,11,20,2,1,84
FL250572,female,39,Russia,Russian,Graphic Design,20,75,2,1,67
FL250573,male,44,Argentina,Spanish,Graphic Design,24,75,4,0,97
FL250574,male,21,Egypt,Arabic,Graphic Design,2,100,3,0,85
FL250575,female,53,France,French,Graphic Design,16,40,0,0,72
FL250576,male,48,Spain,Spanish,Graphic Design,16,30,2,0,97
FL250577,female,40,Mexico,Spanish,Graphic Design,22,40,4,0,95
FL250578,female,20,United States,English,Graphic Design,1,40,2,0,94
FL250579,male,51,Australia,English,Graphic Design,21,20,2,1,72
FL250580,female,42,Germany,German,Graphic Design,13,30,3,0,63
FL250581,male,46,Canada,English,Graphic Design,20,20,1,0,74
FL250582,female,53,Russia,Russian,Graphic Design,32,20,0,0,72
FL250583,female,36,Italy,Italian,Graphic Design,14,30,1,0,62
FL250584,female,53,Turkey,Turkish,Graphic Design,14,30,0,0,83
FL250585,male,21,Canada,English,Graphic Design,0,100,3,0,64
FL250586,male,35,Spain,Spanish,Graphic Design,6,40,2,1,91
FL250587,male,24,Turkey,Turkish,Graphic Design,2,40,1,0,100
FL250588,female,26,India,Hindi,Graphic Design,1,75,3,1,72
FL250589,male,32,France,French,Graphic Design,1,40,3,1,76
FL250590,female,41,South Africa,Afrikaans,Graphic Design,0,40,0,0,97
FL250591,female,35,South Korea,Korean,Graphic Design,16,100,4,1,74
FL250592,male,37,Australia,English,Graphic Design,4,75,3,0,76
FL250593,female,51,South Korea,Korean,Machine Learning,15,50,1,1,100
FL250594,female,54,Indonesia,Indonesian,Machine Learning,13,75,2,0,92
FL250595,male,38,France,French,Machine Learning,19,100,4,0,68
FL250596,female,51,Netherlands,Dutch,Machine Learning,23,20,2,0,80
FL250597,male,51,Germany,German,Machine Learning,33,75,3,0,68
FL250598,male,36,Italy,Italian,Machine Learning,14,100,3,0,72
FL250599,male,54,India,Hindi,Machine Learning,21,100,4,0,72
FL250600,female,54,China,Mandarin,Machine Learning,17,20,1,0,69
FL250601,female,32,United States,English,Machine Learning,6,50,3,1,72
FL250602,female,48,Argentina,Spanish,Machine Learning,6,75,2,0,92
FL250603,male,27,Australia,English,Machine Learning,7,20,3,1,62
FL250604,female,33,Indonesia,Indonesian,Machine Learning,13,20,3,0,72
FL250605,male,48,Canada,English,Machine Learning,15,50,1,1,64
FL250606,male,58,China,Mandarin,Machine Learning,9,20,0,0,65
FL250607,male,47,France,French,Machine Learning,13,40,3,0,67
FL250608,female,57,France,French,Machine Learning,0,50,1,0,60
FL250609,female,41,Brazil,Portuguese,Machine Learning,4,80,2,0,70
FL250610,male,24,Turkey,Turkish,Machine Learning,1,30,3,0,95
FL250611,male,41,Spain,Spanish,Machine Learning,21,50,3,1,65
FL250612,male,48,Brazil,Portuguese,Machine Learning,18,40,2,1,88
FL250613,male,32,France,French,Machine Learning,11,40,4,1,86
FL250614,female,55,China,Mandarin,Machine Learning,7,100,1,1,80
FL250615,male,36,China,Mandarin,Machine Learning,11,75,3,0,93
FL250616,male,52,Italy,Italian,Machine Learning,30,20,2,0,87
FL250617,female,22,Indonesia,Indonesian,Machine Learning,0,100,2,1,64
FL250618,male,41,India,Hindi,Machine Learning,12,20,0,1,80
FL250619,male,41,South Korea,Korean,Machine Learning,4,75,2,0,85
FL250620,female,58,China,Mandarin,Machine Learning,9,30,0,1,65
FL250621,male,60,Canada,English,Machine Learning,3,40,4,0,63
FL250622,female,29,Germany,German,Machine Learning,10,40,1,0,78
FL250623,male,52,Mexico,Spanish,Machine Learning,12,40,1,0,76
FL250624,female,21,South Africa,Afrikaans,Machine Learning,2,20,2,0,86
FL250625,female,25,Japan,Japanese,Machine Learning,3,50,2,1,86
FL250626,male,44,Russia,Russian,Machine Learning,18,20,4,1,88
FL250627,female,46,South Korea,Korean,Machine Learning,12,20,0,0,89
FL250628,female,45,Spain,Spanish,Machine Learning,1,100,1,1,100
FL250629,female,56,India,Hindi,Machine Learning,2,30,1,1,81
FL250630,female,38,Canada,English,Machine Learning,20,50,0,0,64
FL250631,male,46,India,Hindi,Machine Learning,13,100,0,1,97
FL250632,male,55,Brazil,Portuguese,Machine Learning,14,30,1,1,91
FL250633,female,44,South Africa,Afrikaans,Machine Learning,14,75,3,0,78
FL250634,male,32,Argentina,Spanish,Machine Learning,9,40,4,1,84
FL250635,male,56,Italy,Italian,Machine Learning,13,40,2,1,87
FL250636,male,48,United States,English,Machine Learning,21,50,4,0,78
FL250637,male,33,South Korea,Korean,Machine Learning,11,40,4,1,63
FL250638,female,31,Brazil,Portuguese,Machine Learning,3,20,2,0,72
FL250639,female,23,Germany,German,Machine Learning,4,20,4,1,84
FL250640,male,37,Italy,Italian,Machine Learning,5,80,4,1,61
FL250641,male,42,Mexico,Spanish,Machine Learning,8,50,2,0,68
FL250642,female,35,Netherlands,Dutch,Machine Learning,10,75,0,0,74
FL250643,female,36,Italy,Italian,Machine Learning,1,75,2,0,63
FL250644,female,53,Netherlands,Dutch,Machine Learning,13,50,3,1,93
FL250645,female,27,Argentina,Spanish,Machine Learning,7,75,2,1,92
FL250646,female,54,Argentina,Spanish,Machine Learning,11,30,2,1,78
FL250647,male,41,Argentina,Spanish,Machine Learning,11,40,2,0,72
FL250648,male,40,Canada,English,Machine Learning,1,100,2,1,72
FL250649,female,49,Brazil,Portuguese,Machine Learning,13,100,2,0,72
FL250650,female,41,China,Mandarin,Machine Learning,19,100,3,1,71
FL250651,male,33,Spain,Spanish,Machine Learning,13,50,2,0,70
FL250652,female,36,Japan,Japanese,Machine Learning,9,30,0,1,78
FL250653,male,37,Germany,German,Machine Learning,11,80,1,1,63
FL250654,male,55,Egypt,Arabic,Machine Learning,6,40,3,1,72
FL250655,female,45,Netherlands,Dutch,Machine Learning,27,75,0,0,85
FL250656,male,57,Mexico,Spanish,Machine Learning,37,30,4,0,72
FL250657,male,44,Netherlands,Dutch,Machine Learning,4,80,1,1,77
FL250658,male,35,Spain,Spanish,Machine Learning,13,40,3,0,83
FL250659,male,22,Mexico,Spanish,Machine Learning,1,20,2,1,75
FL250660,male,46,Brazil,Portuguese,Machine Learning,20,80,4,1,82
FL250661,female,36,United States,English,Machine Learning,9,20,0,1,68
FL250662,female,54,United States,English,Machine Learning,9,100,2,0,72
FL250663,male,35,Canada,English,Machine Learning,10,20,3,1,77
FL250664,male,56,South Africa,Afrikaans,Machine Learning,30,40,3,1,82
FL250665,male,44,South Korea,Korean,Machine Learning,1,75,4,1,72
FL250666,female,34,Canada,English,Machine Learning,3,80,0,1,71
FL250667,female,44,Netherlands,Dutch,Machine Learning,19,40,4,0,100
FL250668,female,42,China,Mandarin,Machine Learning,5,30,4,1,87
FL250669,male,44,Australia,English,Machine Learning,26,50,1,0,100
FL250670,female,25,Brazil,Portuguese,Machine Learning,3,50,3,1,74
FL250671,female,51,United Kingdom,English,Machine Learning,30,75,2,1,74
FL250672,male,53,Indonesia,Indonesian,Machine Learning,21,100,3,0,62
FL250673,male,20,Argentina,Spanish,Machine Learning,2,20,3,0,84
FL250674,female,26,Russia,Russian,Machine Learning,2,40,0,0,66
FL250675,female,34,Egypt,Arabic,Machine Learning,4,30,3,0,90
FL250676,male,46,Egypt,Arabic,Machine Learning,12,50,4,1,77
FL250677,male,31,Argentina,Spanish,Machine Learning,13,40,1,0,62
FL250678,female,53,South Africa,Afrikaans,Machine Learning,26,75,2,1,72
FL250679,female,59,South Korea,Korean,Machine Learning,22,100,1,0,85
FL250680,female,20,South Korea,Korean,Machine Learning,11,30,4,1,72
FL250681,female,22,France,French,Machine Learning,2,30,2,0,96
FL250682,male,44,South Korea,Korean,Machine Learning,9,40,2,0,70
FL250683,male,53,South Korea,Korean,Machine Learning,27,100,3,0,73
FL250684,male,26,Egypt,Arabic,Machine Learning,11,50,0,1,81
FL250685,male,46,Russia,Russian,Machine Learning,22,100,2,1,97
FL250686,female,52,Australia,English,Mobile Apps,34,100,3,1,84
FL250687,female,42,Japan,Japanese,Mobile Apps,6,40,2,0,63
FL250688,female,42,South Africa,Afrikaans,Mobile Apps,23,50,3,1,72
FL250689,female,25,Mexico,Spanish,Mobile Apps,7,20,1,0,72
FL250690,female,23,India,Hindi,Mobile Apps,11,75,3,1,65
FL250691,female,33,South Africa,Afrikaans,Mobile Apps,11,75,2,1,84
FL250692,male,25,United States,English,Mobile Apps,2,75,3,0,72
FL250693,male,32,India,Hindi,Mobile Apps,10,20,2,0,86
FL250694,male,35,India,Hindi,Mobile Apps,0,75,2,1,64
FL250695,female,45,Indonesia,Indonesian,Mobile Apps,19,40,2,1,72
FL250696,male,30,Turkey,Turkish,Mobile Apps,3,30,1,1,72
FL250697,male,30,Brazil,Portuguese,Mobile Apps,10,100,1,1,64
FL250698,female,55,Argentina,Spanish,Mobile Apps,12,100,1,1,72
FL250699,male,60,South Korea,Korean,Mobile Apps,33,40,3,1,87
FL250700,female,31,Argentina,Spanish,Mobile Apps,12,20,2,0,90
FL250701,male,43,Russia,Russian,Mobile Apps,6,50,2,0,77
FL250702,female,43,Canada,English,Mobile Apps,1,50,4,1,64
FL250703,female,58,Spain,Spanish,Mobile Apps,4,50,3,0,90
FL250704,male,34,Italy,Italian,Mobile Apps,11,40,2,0,67
FL250705,female,35,United States,English,Mobile Apps,10,50,1,1,85
FL250706,female,50,India,Hindi,Mobile Apps,5,100,2,1,72
FL250707,male,24,Spain,Spanish,Mobile Apps,3,75,2,0,72
FL250708,female,47,South Africa,Afrikaans,Mobile Apps,14,75,2,0,69
FL250709,female,48,India,Hindi,Mobile Apps,6,30,2,0,96
FL250710,male,20,South Korea,Korean,Mobile Apps,0,30,3,0,93
FL250711,female,41,Netherlands,Dutch,Mobile Apps,6,40,3,0,76
FL250712,male,34,South Korea,Korean,Mobile Apps,1,30,3,1,87
FL250713,female,28,Japan,Japanese,Mobile Apps,9,40,2,1,64
FL250714,female,47,China,Mandarin,Mobile Apps,5,20,1,0,72
FL250715,female,53,United States,English,Mobile Apps,33,100,2,0,75
FL250716,male,59,United Kingdom,English,Mobile Apps,22,40,1,1,61
FL250717,female,33,Germany,German,Mobile Apps,8,30,3,1,72
FL250718,female,55,Netherlands,Dutch,Mobile Apps,33,40,1,1,71
FL250719,female,50,Brazil,Portuguese,Mobile Apps,18,75,3,0,67
FL250720,female,37,Australia,English,Mobile Apps,10,30,0,0,96
FL250721,female,48,Argentina,Spanish,Mobile Apps,5,30,1,0,72
FL250722,male,34,Argentina,Spanish,Mobile Apps,15,75,2,0,73
FL250723,female,22,Australia,English,Mobile Apps,4,20,2,0,73
FL250724,female,21,Russia,Russian,Mobile Apps,3,100,4,0,96
FL250725,female,44,United States,English,Mobile Apps,3,50,2,0,77
FL250726,male,53,France,French,Mobile Apps,35,75,5,1,62
FL250727,male,59,Canada,English,Mobile Apps,30,30,4,1,83
FL250728,female,48,India,Hindi,Mobile Apps,7,50,4,1,60
FL250729,female,41,Netherlands,Dutch,Mobile Apps,11,20,3,0,69
FL250730,male,25,Netherlands,Dutch,Mobile Apps,0,50,2,1,65
FL250731,male,31,Egypt,Arabic,Mobile Apps,2,75,2,0,60
FL250732,female,24,South Africa,Afrikaans,Mobile Apps,6,30,1,1,72
FL250733,male,21,United Kingdom,English,Mobile Apps,1,30,1,0,81
FL250734,male,46,Turkey,Turkish,Mobile Apps,10,75,4,1,62
FL250735,female,48,India,Hindi,Mobile Apps,28,20,0,0,88
FL250736,female,30,China,Mandarin,Mobile Apps,9,30,3,0,65
FL250737,female,20,Turkey,Turkish,Mobile Apps,0,100,0,0,63
FL250738,female,31,Indonesia,Indonesian,Mobile Apps,2,40,2,0,98
FL250739,female,40,United Kingdom,English,Mobile Apps,20,20,2,0,92
FL250740,male,28,United Kingdom,English,Mobile Apps,2,100,4,1,72
FL250741,female,36,Argentina,Spanish,Mobile Apps,16,20,3,0,72
FL250742,female,56,Italy,Italian,Mobile Apps,37,40,0,0,70
FL250743,female,21,Japan,Japanese,Mobile Apps,1,30,1,0,73
FL250744,female,42,Turkey,Turkish,Mobile Apps,20,50,3,0,93
FL250745,female,54,Italy,Italian,Mobile Apps,28,40,1,0,72
FL250746,female,46,Italy,Italian,Mobile Apps,11,100,4,1,97
FL250747,male,24,France,French,Mobile Apps,0,100,2,0,72
FL250748,male,57,Mexico,Spanish,Mobile Apps,18,30,1,0,90
FL250749,female,42,Netherlands,Dutch,Mobile Apps,8,50,2,0,72
FL250750,female,59,India,Hindi,Mobile Apps,34,100,2,1,79
FL250751,male,33,Netherlands,Dutch,Mobile Apps,5,50,4,1,88
FL250752,female,33,China,Mandarin,Mobile Apps,11,75,4,1,90
FL250753,female,31,France,French,Mobile Apps,11,50,1,0,80
FL250754,male,38,India,Hindi,Mobile Apps,1,40,0,0,96
FL250755,female,34,Spain,Spanish,Mobile Apps,11,50,3,1,76
FL250756,female,27,Brazil,Portuguese,Mobile Apps,8,50,1,1,72
FL250757,male,21,United Kingdom,English,Mobile Apps,3,40,0,0,87
FL250758,male,51,South Korea,Korean,Mobile Apps,5,40,1,1,61
FL250759,female,48,Germany,German,Mobile Apps,28,30,4,0,77
FL250760,female,54,United States,English,Mobile Apps,19,75,0,0,72
FL250761,female,54,Russia,Russian,Mobile Apps,19,30,4,0,90
FL250762,female,29,South Africa,Afrikaans,Mobile Apps,8,50,0,0,77
FL250763,female,31,Russia,Russian,Mobile Apps,11,40,4,1,76
FL250764,female,42,Egypt,Arabic,Mobile Apps,10,100,3,1,94
FL250765,male,35,Argentina,Spanish,Mobile Apps,15,75,3,0,66
FL250766,female,39,Spain,Spanish,Mobile Apps,15,50,2,0,80
FL250767,male,56,Germany,German,Mobile Apps,23,75,3,1,72
FL250768,female,31,Australia,English,Mobile Apps,0,30,2,0,79
FL250769,female,49,China,Mandarin,Mobile Apps,15,40,3,0,86
FL250770,female,38,South Africa,Afrikaans,Mobile Apps,14,75,1,1,76
FL250771,male,54,Indonesia,Indonesian,Mobile Apps,17,100,0,0,71
FL250772,female,39,Brazil,Portuguese,Mobile Apps,18,20,2,1,61
FL250773,male,55,Russia,Russian,Mobile Apps,2,50,3,1,88
FL250774,male,57,Mexico,Spanish,Mobile Apps,21,75,2,0,96
FL250775,female,49,Germany,German,Mobile Apps,24,75,3,1,77
FL250776,female,30,India,Hindi,Mobile Apps,6,75,0,0,80
FL250777,female,50,Egypt,Arabic,Mobile Apps,31,100,2,1,89
FL250778,female,53,Argentina,Spanish,Mobile Apps,19,20,1,0,72
FL250779,female,50,South Africa,Afrikaans,Mobile Apps,8,50,3,1,82
FL250780,female,49,South Korea,Korean,Mobile Apps,24,100,3,1,72
FL250781,female,38,Mexico,Spanish,Mobile Apps,11,75,2,0,91
FL250782,male,47,South Korea,Korean,Mobile Apps,7,30,2,0,69
FL250783,female,37,Indonesia,Indonesian,Mobile Apps,9,30,2,1,72
FL250784,female,38,Turkey,Turkish,Mobile Apps,8,30,4,1,92
FL250785,male,29,France,French,Mobile Apps,3,40,0,1,81
FL250786,female,52,Indonesia,Indonesian,Mobile Apps,32,75,3,0,79
FL250787,male,46,Russia,Russian,Mobile Apps,8,20,2,0,89
FL250788,female,55,Argentina,Spanish,UI/UX Design,15,20,2,1,86
FL250789,male,56,United States,English,UI/UX Design,31,50,1,0,75
FL250790,male,29,Netherlands,Dutch,UI/UX Design,1,20,1,1,63
FL250791,male,41,Spain,Spanish,UI/UX Design,1,30,0,0,68
FL250792,female,34,Russia,Russian,UI/UX Design,16,20,2,1,93
FL250793,male,41,Argentina,Spanish,UI/UX Design,6,100,1,0,72
FL250794,female,60,China,Mandarin,UI/UX Design,38,20,2,0,71
FL250795,female,33,Argentina,Spanish,UI/UX Design,12,100,3,0,63
FL250796,male,53,China,Mandarin,UI/UX Design,21,100,2,1,97
FL250797,female,36,Italy,Italian,UI/UX Design,0,20,1,1,64
FL250798,male,41,United States,English,UI/UX Design,5,20,1,0,74
FL250799,male,32,Egypt,Arabic,UI/UX Design,10,50,1,0,89
FL250800,male,27,Argentina,Spanish,UI/UX Design,5,30,2,0,92
FL250801,female,57,Egypt,Arabic,UI/UX Design,4,40,3,1,68
FL250802,female,36,Indonesia,Indonesian,UI/UX Design,13,75,2,1,72
FL250803,female,27,China,Mandarin,UI/UX Design,8,50,0,0,72
FL250804,male,26,Mexico,Spanish,UI/UX Design,5,50,0,0,72
FL250805,male,52,France,French,UI/UX Design,15,50,0,1,81
FL250806,male,56,France,French,UI/UX Design,21,100,0,1,78
FL250807,male,36,Germany,German,UI/UX Design,7,30,0,0,88
FL250808,female,47,Indonesia,Indonesian,UI/UX Design,12,40,4,0,62
FL250809,male,34,Japan,Japanese,UI/UX Design,0,20,1,0,66
FL250810,male,29,Brazil,Portuguese,UI/UX Design,9,20,2,0,68
FL250811,female,33,Germany,German,UI/UX Design,11,20,0,1,65
FL250812,male,46,Canada,English,UI/UX Design,5,20,2,0,75
FL250813,male,37,Canada,English,UI/UX Design,2,30,2,1,72
FL250814,male,22,Mexico,Spanish,UI/UX Design,2,20,0,1,72
FL250815,female,47,United States,English,UI/UX Design,18,40,3,0,60
FL250816,male,43,Germany,German,UI/UX Design,6,50,0,0,81
FL250817,male,48,South Africa,Afrikaans,UI/UX Design,8,30,5,1,99
FL250818,male,37,Brazil,Portuguese,UI/UX Design,17,20,0,1,87
FL250819,male,50,Spain,Spanish,UI/UX Design,2,50,1,0,89
FL250820,female,35,South Africa,Afrikaans,UI/UX Design,10,100,4,1,84
FL250821,female,26,China,Mandarin,UI/UX Design,4,100,3,0,81
FL250822,female,31,South Africa,Afrikaans,UI/UX Design,12,40,2,1,100
FL250823,male,42,Indonesia,Indonesian,UI/UX Design,13,20,4,0,85
FL250824,male,46,Indonesia,Indonesian,UI/UX Design,0,20,1,0,88
FL250825,male,31,Netherlands,Dutch,UI/UX Design,2,50,3,0,72
FL250826,male,54,United Kingdom,English,UI/UX Design,20,50,4,0,73
FL250827,male,58,Argentina,Spanish,UI/UX Design,11,100,4,0,77
FL250828,male,32,South Korea,Korean,UI/UX Design,10,30,3,0,61
FL250829,female,52,India,Hindi,UI/UX Design,0,20,4,0,90
FL250830,female,41,United Kingdom,English,UI/UX Design,0,20,4,0,74
FL250831,female,31,Germany,German,UI/UX Design,10,50,0,0,72
FL250832,male,54,United States,English,UI/UX Design,3,30,2,0,81
FL250833,female,40,Brazil,Portuguese,UI/UX Design,2,100,0,0,72
FL250834,female,60,Mexico,Spanish,UI/UX Design,34,100,0,1,74
FL250835,female,29,Netherlands,Dutch,UI/UX Design,6,20,4,0,83
FL250836,male,57,United States,English,UI/UX Design,13,100,3,0,95
FL250837,male,28,South Korea,Korean,UI/UX Design,7,100,4,0,76
FL250838,male,42,United States,English,UI/UX Design,14,30,1,0,94
FL250839,female,43,Brazil,Portuguese,UI/UX Design,2,40,0,1,89
FL250840,female,49,Russia,Russian,UI/UX Design,14,40,1,0,60
FL250841,male,55,Canada,English,UI/UX Design,10,40,2,0,85
FL250842,female,22,Russia,Russian,UI/UX Design,3,100,3,1,78
FL250843,female,21,Japan,Japanese,UI/UX Design,0,30,4,1,79
FL250844,female,36,Argentina,Spanish,UI/UX Design,8,100,1,0,68
FL250845,female,45,United States,English,UI/UX Design,23,100,2,0,96
FL250846,female,31,South Africa,Afrikaans,UI/UX Design,9,20,0,0,91
FL250847,male,51,Mexico,Spanish,UI/UX Design,22,20,3,1,90
FL250848,male,28,United States,English,UI/UX Design,1,20,4,0,93
FL250849,female,22,Turkey,Turkish,UI/UX Design,3,20,3,1,96
FL250850,female,38,Canada,English,UI/UX Design,3,40,4,0,69
FL250851,male,47,United States,English,UI/UX Design,4,20,4,0,82
FL250852,male,32,Mexico,Spanish,UI/UX Design,9,40,1,1,83
FL250853,male,35,Italy,Italian,UI/UX Design,16,20,1,1,64
FL250854,male,22,Egypt,Arabic,UI/UX Design,2,75,1,0,91
FL250855,female,41,South Korea,Korean,UI/UX Design,23,75,1,0,72
FL250856,male,52,China,Mandarin,UI/UX Design,4,75,2,1,79
FL250857,male,25,Germany,German,UI/UX Design,4,40,2,1,73
FL250858,female,52,Canada,English,UI/UX Design,16,100,4,1,72
FL250859,male,47,South Korea,Korean,UI/UX Design,17,50,1,0,72
FL250860,female,33,Japan,Japanese,UI/UX Design,0,100,1,1,95
FL250861,female,52,Canada,English,UI/UX Design,25,100,4,0,72
FL250862,male,42,South Korea,Korean,UI/UX Design,0,20,3,0,62
FL250863,male,56,China,Mandarin,UI/UX Design,18,50,4,1,83
FL250864,male,53,Australia,English,UI/UX Design,9,50,4,1,72
FL250865,female,52,South Korea,Korean,UI/UX Design,30,75,2,0,94
FL250866,male,51,Turkey,Turkish,UI/UX Design,11,30,3,1,77
FL250867,male,60,France,French,UI/UX Design,0,40,4,1,68
FL250868,female,53,South Korea,Korean,UI/UX Design,21,30,4,1,73
FL250869,female,35,France,French,UI/UX Design,17,50,3,0,71
FL250870,female,23,Argentina,Spanish,UI/UX Design,0,75,0,0,92
FL250871,female,23,Italy,Italian,UI/UX Design,1,30,5,0,97
FL250872,female,31,Mexico,Spanish,UI/UX Design,6,20,3,0,86
FL250873,male,22,South Korea,Korean,UI/UX Design,4,40,3,1,100
FL250874,female,38,United Kingdom,English,UI/UX Design,10,40,2,0,66
FL250875,male,30,Australia,English,UI/UX Design,11,30,4,0,65
FL250876,male,44,India,Hindi,UI/UX Design,4,30,0,0,80
FL250877,male,24,United States,English,UI/UX Design,6,30,4,1,93
FL250878,female,57,India,Hindi,UI/UX Design,10,100,4,0,72
FL250879,female,21,Turkey,Turkish,UI/UX Design,0,100,4,0,72
FL250880,female,56,China,Mandarin,UI/UX Design,35,40,2,1,82
FL250881,female,36,South Korea,Korean,UI/UX Design,0,75,1,0,73
FL250882,male,46,United States,English,UI/UX Design,24,40,3,1,87
FL250883,female,33,Netherlands,Dutch,UI/UX Design,6,50,3,0,90
FL250884,male,41,Italy,Italian,UI/UX Design,11,100,2,1,80
FL250885,female,36,United States,English,UI/UX Design,8,50,4,0,90
FL250886,male,21,Germany,German,UI/UX Design,3,50,4,1,72
FL250887,female,39,Indonesia,Indonesian,UI/UX Design,18,50,2,0,75
FL250888,female,47,Russia,Russian,UI/UX Design,3,40,4,1,92
FL250889,male,46,South Africa,Afrikaans,UI/UX Design,6,30,1,0,72
FL250890,male,50,South Africa,Afrikaans,UI/UX Design,13,20,2,1,81
FL250891,female,34,Turkey,Turkish,UI/UX Design,12,20,1,1,64
FL250892,male,55,France,French,UI/UX Design,33,50,0,0,92
FL250893,female,21,Germany,German,UI/UX Design,1,100,0,1,95
FL250894,female,59,United Kingdom,English,UI/UX Design,40,100,2,0,72
FL250895,female,58,Germany,German,UI/UX Design,37,50,4,0,69
FL250896,female,36,Mexico,Spanish,UI/UX Design,18,20,1,1,72
FL250897,female,38,Australia,English,Web Development,4,40,1,0,90
FL250898,female,53,Germany,German,Web Development,27,30,4,0,83
FL250899,male,57,Italy,Italian,Web Development,3,100,1,1,68
FL250900,female,54,United States,English,Web Development,32,75,1,1,81
FL250901,female,52,South Korea,Korean,Web Development,28,20,2,0,72
FL250902,male,60,Japan,Japanese,Web Development,13,20,3,0,80
FL250903,female,21,Canada,English,Web Development,0,30,2,1,84
FL250904,male,41,South Africa,Afrikaans,Web Development,9,75,4,1,74
FL250905,female,34,Spain,Spanish,Web Development,12,40,2,1,64
FL250906,female,55,Brazil,Portuguese,Web Development,0,40,0,1,72
FL250907,male,40,United States,English,Web Development,9,100,4,1,69
FL250908,female,25,Egypt,Arabic,Web Development,7,40,4,0,81
FL250909,male,35,South Korea,Korean,Web Development,5,75,3,0,72
FL250910,female,38,Mexico,Spanish,Web Development,19,75,2,0,61
FL250911,female,23,United States,English,Web Development,0,20,4,1,60
FL250912,male,34,Australia,English,Web Development,10,50,1,0,96
FL250913,male,50,India,Hindi,Web Development,22,100,4,0,62
FL250914,male,45,United Kingdom,English,Web Development,7,75,3,1,67
FL250915,male,60,Brazil,Portuguese,Web Development,15,100,1,0,80
FL250916,female,31,South Africa,Afrikaans,Web Development,11,75,1,1,65
FL250917,female,31,Canada,English,Web Development,10,75,0,0,70
FL250918,male,38,Japan,Japanese,Web Development,3,30,3,0,97
FL250919,female,31,Australia,English,Web Development,4,40,3,1,78
FL250920,male,54,Turkey,Turkish,Web Development,0,20,4,0,72
FL250921,male,52,Indonesia,Indonesian,Web Development,33,100,1,0,66
FL250922,male,39,South Korea,Korean,Web Development,14,100,0,1,92
FL250923,male,27,South Africa,Afrikaans,Web Development,2,40,1,0,72
FL250924,male,29,United States,English,Web Development,4,50,4,0,72
FL250925,male,58,Argentina,Spanish,Web Development,23,50,4,0,72
FL250926,female,44,Canada,English,Web Development,21,100,2,0,83
FL250927,male,48,Italy,Italian,Web Development,23,50,2,0,68
FL250928,male,50,South Korea,Korean,Web Development,19,40,4,0,82
FL250929,female,39,Japan,Japanese,Web Development,21,100,0,0,91
FL250930,male,59,France,French,Web Development,21,100,0,0,70
FL250931,female,55,Japan,Japanese,Web Development,20,75,2,0,72
FL250932,female,27,Japan,Japanese,Web Development,7,30,2,1,66
FL250933,male,53,Mexico,Spanish,Web Development,21,50,1,0,72
FL250934,male,56,Australia,English,Web Development,19,40,1,1,82
FL250935,male,33,Russia,Russian,Web Development,2,75,2,0,65
FL250936,male,30,Argentina,Spanish,Web Development,1,40,1,1,100
FL250937,female,21,Argentina,Spanish,Web Development,1,20,2,0,99
FL250938,female,45,Turkey,Turkish,Web Development,23,50,0,0,66
FL250939,female,49,Canada,English,Web Development,25,30,3,0,75
FL250940,female,46,Australia,English,Web Development,26,100,2,0,72
FL250941,male,27,Egypt,Arabic,Web Development,1,20,4,0,76
FL250942,male,41,South Africa,Afrikaans,Web Development,10,20,1,1,85
FL250943,female,50,Australia,English,Web Development,31,50,4,0,81
FL250944,female,26,Egypt,Arabic,Web Development,2,20,1,0,83
FL250945,male,51,Egypt,Arabic,Web Development,32,100,4,0,91
FL250946,male,44,South Africa,Afrikaans,Web Development,11,50,1,0,93
FL250947,female,25,Argentina,Spanish,Web Development,1,75,0,1,72
FL250948,male,26,Mexico,Spanish,Web Development,8,40,4,0,87
FL250949,male,41,United Kingdom,English,Web Development,11,40,1,1,94
FL250950,male,33,Indonesia,Indonesian,Web Development,10,30,0,1,89
FL250951,female,33,Australia,English,Web Development,11,50,4,1,72
FL250952,female,40,Egypt,Arabic,Web Development,11,20,1,1,90
FL250953,male,57,Brazil,Portuguese,Web Development,5,75,1,1,77
FL250954,female,21,Germany,German,Web Development,0,20,3,1,61
FL250955,female,41,Germany,German,Web Development,14,40,1,1,73
FL250956,female,28,France,French,Web Development,1,50,0,0,70
FL250957,female,25,Argentina,Spanish,Web Development,5,40,2,1,75
FL250958,female,43,Indonesia,Indonesian,Web Development,20,30,2,0,72
FL250959,male,41,France,French,Web Development,11,20,4,0,69
FL250960,male,48,Argentina,Spanish,Web Development,18,75,0,0,80
FL250961,female,51,South Korea,Korean,Web Development,17,100,3,0,79
FL250962,male,27,Brazil,Portuguese,Web Development,9,100,2,1,72
FL250963,male,53,South Korea,Korean,Web Development,21,40,4,1,62
FL250964,female,30,South Korea,Korean,Web Development,0,50,0,0,72
FL250965,female,43,Australia,English,Web Development,13,100,1,1,97
FL250966,female,60,Turkey,Turkish,Web Development,41,40,4,1,66
FL250967,female,49,Mexico,Spanish,Web Development,24,50,0,0,94
FL250968,male,42,Spain,Spanish,Web Development,13,30,0,0,74
FL250969,female,55,Canada,English,Web Development,14,50,3,1,81
FL250970,female,49,Netherlands,Dutch,Web Development,11,75,3,1,93
FL250971,female,20,Indonesia,Indonesian,Web Development,1,30,2,0,89
FL250972,female,36,Netherlands,Dutch,Web Development,17,20,0,1,99
FL250973,female,43,Australia,English,Web Development,22,40,4,0,72
FL250974,male,40,Spain,Spanish,Web Development,7,40,4,0,79
FL250975,male,42,Russia,Russian,Web Development,7,20,2,0,100
FL250976,male,39,Germany,German,Web Development,21,100,2,0,79
FL250977,male,57,Italy,Italian,Web Development,31,50,3,1,87
FL250978,male,46,Canada,English,Web Development,5,30,2,0,76
FL250979,female,41,Argentina,Spanish,Web Development,0,40,2,1,74
FL250980,female,39,Turkey,Turkish,Web Development,20,100,2,1,89
FL250981,male,48,Turkey,Turkish,Web Development,19,40,1,0,87
FL250982,male,43,Netherlands,Dutch,Web Development,12,50,1,1,74
FL250983,female,44,Russia,Russian,Web Development,3,20,5,1,75
FL250984,female,46,Russia,Russian,Web Development,28,30,4,1,72
FL250985,female,50,South Korea,Korean,Web Development,12,75,0,0,75
FL250986,male,51,South Korea,Korean,Web Development,32,50,3,0,88
FL250987,male,24,France,French,Web Development,6,50,1,1,63
FL250988,female,42,Mexico,Spanish,Web Development,11,50,4,0,96
FL250989,male,20,Russia,Russian,Web Development,2,30,1,1,60
FL250990,male,53,Netherlands,Dutch,Web Development,32,50,2,1,72
FL250991,male,38,Italy,Italian,Web Development,14,75,1,0,62
FL250992,female,59,Turkey,Turkish,Web Development,11,75,2,1,80
FL250993,female,45,Canada,English,Web Development,22,40,3,1,99
FL250994,female,24,United States,English,Web Development,2,30,3,0,92
FL250995,female,38,Turkey,Turkish,Web Development,14,100,1,0,66
FL250996,male,27,Australia,English,Web Development,3,50,2,1,96
FL250997,female,36,Brazil,Portuguese,Web Development,11,20,4,0,86
FL250998,male,49,India,Hindi,Web Development,1,50,0,0,82
FL250999,male,43,Argentina,Spanish,Web Development,2,100,1,1,63
FL251000,male,48,South Africa,Afrikaans,Web Development,8,50,2,1,73
